id,name,country,description,email,website,,
9c89a246-f3f1-4368-830b-11968992d584,Zooveo,Sweden,"Proin interdum mauris non ligula pellentesque ultrices. Phasellus id sapien in sapien iaculis congue. Vivamus metus arcu, adipiscing molestie, hendrerit at, vulputate vitae, nisl.

Aenean lectus. Pellentesque eget nunc. Donec quis orci eget orci vehicula condimentum.

Curabitur in libero ut massa volutpat convallis. Morbi odio odio, elementum eu, interdum eu, tincidunt in, leo. Maecenas pulvinar lobortis est.",ochadwick0@smh.com.au,https://www.example.com/,,
dfd2ba9d-eb69-4347-aaf1-f31a003f2c9c,Trudoo,Portugal,"Maecenas leo odio, condimentum id, luctus nec, molestie sed, justo. Pellentesque viverra pede ac diam. Cras pellentesque volutpat dui.",gvaggers1@chicagotribune.com,http://bone.example.com/,,
544c33e5-3e3e-4c00-9369-b2cb67948239,Rhynoodle,Indonesia,"Vestibulum quam sapien, varius ut, blandit non, interdum in, ante. Vestibulum ante ipsum primis in faucibus orci luctus et ultrices posuere cubilia Curae; Duis faucibus accumsan odio. Curabitur convallis.

Duis consequat dui nec nisi volutpat eleifend. Donec ut dolor. Morbi vel lectus in quam fringilla rhoncus.",jkingsnoad2@pen.io,https://www.example.com/blade/beds,,
7fcc8e07-1d9b-461c-9206-46e6a452e9a8,Tagfeed,China,"Donec diam neque, vestibulum eget, vulputate ut, ultrices vel, augue. Vestibulum ante ipsum primis in faucibus orci luctus et ultrices posuere cubilia Curae; Donec pharetra, magna vestibulum aliquet ultrices, erat tortor sollicitudin mi, sit amet lobortis sapien sapien non mi. Integer ac neque.",nlayborn3@netlog.com,http://example.edu/bait?bag=bells&attraction=airplane,,
48bae11f-08b3-45c9-b673-e754059e42d8,Feedbug,Syria,"Morbi porttitor lorem id ligula. Suspendisse ornare consequat lectus. In est risus, auctor sed, tristique in, tempus sit amet, sem.",lrauprich4@e-recht24.de,https://arch.example.com/,,
1b06f6f0-b85a-4d7d-8a73-9ff72cd22655,Fatz,Croatia,"Praesent id massa id nisl venenatis lacinia. Aenean sit amet justo. Morbi ut odio.

Cras mi pede, malesuada in, imperdiet et, commodo vulputate, justo. In blandit ultrices enim. Lorem ipsum dolor sit amet, consectetuer adipiscing elit.

Proin interdum mauris non ligula pellentesque ultrices. Phasellus id sapien in sapien iaculis congue. Vivamus metus arcu, adipiscing molestie, hendrerit at, vulputate vitae, nisl.",cdeveral5@networkadvertising.org,https://www.example.com/advertisement,,
100c39c1-e546-44c9-af30-7f0f9659e057,Dynabox,China,"Lorem ipsum dolor sit amet, consectetuer adipiscing elit. Proin risus. Praesent lectus.

Vestibulum quam sapien, varius ut, blandit non, interdum in, ante. Vestibulum ante ipsum primis in faucibus orci luctus et ultrices posuere cubilia Curae; Duis faucibus accumsan odio. Curabitur convallis.",skatte6@netlog.com,http://example.com/baby.aspx,,
284dd46a-6d8a-4d24-90a7-f3ef4e56fa6f,Vimbo,Albania,Duis aliquam convallis nunc. Proin at turpis a pede posuere nonummy. Integer non velit.,wlightowlers7@uiuc.edu,https://example.com/agreement.htm,,
2de3419f-5500-40ba-a5d9-048c1379a8da,Topdrive,Thailand,"Cum sociis natoque penatibus et magnis dis parturient montes, nascetur ridiculus mus. Vivamus vestibulum sagittis sapien. Cum sociis natoque penatibus et magnis dis parturient montes, nascetur ridiculus mus.",nmort8@facebook.com,https://www.example.com/berry,,
6528ef3f-29a7-45f7-ad06-b8f4d3036f93,Jetpulse,China,Nulla ut erat id mauris vulputate elementum. Nullam varius. Nulla facilisi.,cdyson9@gmpg.org,https://www.example.com/,,
7d99c7b2-2a88-4b9b-93a1-450cfecd6710,Livefish,Ukraine,"In quis justo. Maecenas rhoncus aliquam lacus. Morbi quis tortor id nulla ultrices aliquet.

Maecenas leo odio, condimentum id, luctus nec, molestie sed, justo. Pellentesque viverra pede ac diam. Cras pellentesque volutpat dui.",emottleya@naver.com,https://aftermath.example.org/art,,
0d37ea9d-fc38-427e-9edf-4b8e42f98cf6,Roodel,Poland,"In hac habitasse platea dictumst. Morbi vestibulum, velit id pretium iaculis, diam erat fermentum justo, nec condimentum neque sapien placerat ante. Nulla justo.

Aliquam quis turpis eget elit sodales scelerisque. Mauris sit amet eros. Suspendisse accumsan tortor quis turpis.

Sed ante. Vivamus tortor. Duis mattis egestas metus.",rdoggrellb@house.gov,http://www.example.com/,,
7801d116-9d01-45e6-87d0-3c497cbd5b73,Gigazoom,Indonesia,"Nam ultrices, libero non mattis pulvinar, nulla pede ullamcorper augue, a suscipit nulla elit ac nulla. Sed vel enim sit amet nunc viverra dapibus. Nulla suscipit ligula in lacus.

Curabitur at ipsum ac tellus semper interdum. Mauris ullamcorper purus sit amet nulla. Quisque arcu libero, rutrum ac, lobortis vel, dapibus at, diam.",trennicksc@skyrock.com,http://www.example.com/,,
9c410195-5c50-4d83-a332-5da44573952b,Kwideo,Serbia,"Vestibulum quam sapien, varius ut, blandit non, interdum in, ante. Vestibulum ante ipsum primis in faucibus orci luctus et ultrices posuere cubilia Curae; Duis faucibus accumsan odio. Curabitur convallis.

Duis consequat dui nec nisi volutpat eleifend. Donec ut dolor. Morbi vel lectus in quam fringilla rhoncus.

Mauris enim leo, rhoncus sed, vestibulum sit amet, cursus id, turpis. Integer aliquet, massa id lobortis convallis, tortor risus dapibus augue, vel accumsan tellus nisi eu orci. Mauris lacinia sapien quis libero.",ncarelessd@tinyurl.com,https://www.example.com/,,
88e0c951-fa64-41f8-9b0a-b6a22f1bc3f2,Mycat,China,"In hac habitasse platea dictumst. Morbi vestibulum, velit id pretium iaculis, diam erat fermentum justo, nec condimentum neque sapien placerat ante. Nulla justo.

Aliquam quis turpis eget elit sodales scelerisque. Mauris sit amet eros. Suspendisse accumsan tortor quis turpis.",lcarresse@mail.ru,http://www.example.com/box/bag.html?alarm=amusement,,
cf0b4eec-a1f9-4256-ba91-1c2267bbeabc,Fanoodle,Poland,"In congue. Etiam justo. Etiam pretium iaculis justo.

In hac habitasse platea dictumst. Etiam faucibus cursus urna. Ut tellus.

Nulla ut erat id mauris vulputate elementum. Nullam varius. Nulla facilisi.",agatleyf@chron.com,http://brother.example.com/border/arch,,
aec3003c-9b0d-4a4d-94eb-f4fd9bc8766a,Skyvu,Japan,Maecenas ut massa quis augue luctus tincidunt. Nulla mollis molestie lorem. Quisque ut erat.,nduffetg@amazon.com,http://example.com/anger/blood.htm,,
0377dd7e-3de5-4b8b-a4e8-a299f786cdac,Babbleopia,Peru,"Pellentesque at nulla. Suspendisse potenti. Cras in purus eu magna vulputate luctus.

Cum sociis natoque penatibus et magnis dis parturient montes, nascetur ridiculus mus. Vivamus vestibulum sagittis sapien. Cum sociis natoque penatibus et magnis dis parturient montes, nascetur ridiculus mus.",dpinnh@merriam-webster.com,https://www.example.com/?airplane=basketball,,
46e9b9c1-6e07-411d-b4d6-be3f80b4c0b0,Trunyx,Poland,"Quisque porta volutpat erat. Quisque erat eros, viverra eget, congue eget, semper rutrum, nulla. Nunc purus.

Phasellus in felis. Donec semper sapien a libero. Nam dui.",epelosii@newsvine.com,https://aftermath.example.com/birthday/argument,,
31f336e5-11e9-4821-ae96-1d8e0c71ebfc,Youbridge,Brazil,"Praesent blandit. Nam nulla. Integer pede justo, lacinia eget, tincidunt eget, tempus vel, pede.

Morbi porttitor lorem id ligula. Suspendisse ornare consequat lectus. In est risus, auctor sed, tristique in, tempus sit amet, sem.

Fusce consequat. Nulla nisl. Nunc nisl.",fpantecostj@wix.com,http://www.example.com/bike.aspx,,
